PROGRAM,VERSION,DATE,TYPE,FAKETAD,TARGET,SYSTEM,ORIGIN,CREDIT,BANNER,BANNER1,ICON_ALT,DANGER,PUBLISHED,TITLE,DESC,ENDOFLINE
"AppJumpChecker","v0","","srl","","NAND","TWL (DSi)","- Gigaleaks (TwlIPL)","N/A","APP JUMP Checker","LANG_EN","","","","App Jump Checker","NAND app jump test","endofline"
"AppJumpChecker","v0","","tad","","NAND","TWL (DSi)","- Gigaleaks (TwlIPL)","N/A","APP JUMP Checker","LANG_EN","","","","App Jump Checker","NAND app jump test","endofline"
"ApplicationJumpTest","Nand1","","srl","","NAND","TWL (DSi)","- Gigaleaks (TwlIPL)","N/A","TITLE_431A","LANG_EN","TRUE","","","Application Jump Test","NAND app jump test","endofline"
"ApplicationJumpTest","Nand1","","tad","","NAND","TWL (DSi)","- Gigaleaks (TwlIPL)","N/A","TITLE_431A","LANG_EN","","","","Application Jump Test","NAND app jump test","endofline"
"ApplicationJumpTest","Nand2","","srl","","NAND","TWL (DSi)","- Gigaleaks (TwlIPL)","N/A","TITLE_432A","LANG_EN","","","","Application Jump Test","NAND app jump test","endofline"
"ApplicationJumpTest","Nand2","","tad","","NAND","TWL (DSi)","- Gigaleaks (TwlIPL)","N/A","TITLE_432A","LANG_EN","","","","Application Jump Test","NAND app jump test","endofline"
"ApplicationJumpTest","Card_AID","","srl","","CARD","TWL (DSi)","- Gigaleaks (TwlIPL)","N/A","NINTENDO DSi™","Demonstration","","","","Application Jump Test","NAND app jump test","endofline"
"ApplicationJumpTest","Card_Fail","","srl","","CARD","TWL (DSi)","- Gigaleaks (TwlIPL)","N/A","NINTENDO DSi™","Demonstration","","","","Application Jump Test","NAND app jump test","endofline"
"ApplicationJumpTest","Card","","srl","","CARD","TWL (DSi)","- Gigaleaks (TwlIPL)","N/A","NINTENDO DSi™","Demonstration","","","","Application Jump Test","NAND app jump test","endofline"
"backupSample","v0","","srl","","NAND","TWL (DSi)","- Gigaleaks (TwlToolsRED)","N/A","backup","","","","","backupSample","","endofline"
"backupSample","v0","","tad","","NAND","TWL (DSi)","- Gigaleaks (TwlToolsRED)","N/A","backup","","","","","backupSample","","endofline"
"BannerViewerTemplate","v0","","srl","","CARD","NTR (DS)","- Nintendo Developer Portal (TWL SDK)","N/A","","","","","","BannerViewerTemplate","","endofline"
"CardRomHeaderChecker","v0","","srl","","NAND","TWL (DSi)","- Gigaleaks (TwlIPL)","N/A","Card ROM Header Checker","","","","","Card Rom Header Checker","ROM header checker","endofline"
"CardRomHeaderChecker","v0","","tad","","NAND","TWL (DSi)","- Gigaleaks (TwlIPL)","N/A","Card ROM Header Checker","","","","","Card Rom Header Checker","ROM header checker","endofline"
"ComponentSDKVersionIdentifier","v0","","srl","","NAND","TWL (DSi)","- Gigaleaks (TwlIPL)","N/A","Component SDK Version Identifier","","","","TRUE","Component SDK Version Identifier","ROM SDK checker","endofline"
"ComponentSDKVersionIdentifier","v0","","tad","TRUE","NAND","TWL (DSi)","- Gigaleaks (TwlIPL)","N/A","Component SDK Version Identifier","","","","","Component SDK Version Identifier","ROM SDK checker","endofline"
"ComponentSDKVersionIdentifier","v10","","srl","","NAND","TWL (DSi)","- Gigaleaks (TwlIPL)","N/A","Component SDK Version Identifier","","","","","Component SDK Version Identifier","ROM SDK checker","endofline"
"ComponentSDKVersionIdentifier","v10","","tad","TRUE","NAND","TWL (DSi)","- Gigaleaks (TwlIPL)","N/A","Component SDK Version Identifier","","","","","Component SDK Version Identifier","ROM SDK checker","endofline"
"DSGameCardToSD","v0","","srl","","NAND","TWL (DSi)","- Gigaleaks (ctr_tools_red)","N/A","DS Game Card To SD","","","","TRUE","DS Game Card To SD","Cartridge dumper","endofline"
"DSGameCardToSD","v0","","tad","TRUE","NAND","TWL (DSi)","- Gigaleaks (ctr_tools_red)","N/A","DS Game Card To SD","","","","","DS Game Card To SD","Cartridge dumper","endofline"
"DSGameCardToSD","v1","","srl","","NAND","TWL (DSi)","- Gigaleaks (ctr_tools_red)","N/A","DS Game Card To SD","","","","","DS Game Card To SD","Cartridge dumper","endofline"
"DSGameCardToSD","v1","","tad","TRUE","NAND","TWL (DSi)","- Gigaleaks (ctr_tools_red)","N/A","DS Game Card To SD","","","","","DS Game Card To SD","Cartridge dumper","endofline"
"DSHashTable","v3446","","srl","","NAND","TWL (DSi)","- Gigaleaks (TwlIPL)","N/A","","","","","","DS Cart Whitelist","DS cartridge whitelist","endofline"
"DSHashTable","v3446","","tad","","NAND","TWL (DSi)","- Gigaleaks (TwlIPL)","N/A","","","","","","DS Cart Whitelist","DS cartridge whitelist","endofline"
"DSSound","v1828-JP","","srl","","NAND","TWL (DSi)","- Gigaleaks (TwlIPL)","N/A","Nintendo DSi Sound","Nintendo","","","","DS Sound","Prototype DSi Sound","endofline"
"DSSound","v1828-JP","","tad","","NAND","TWL (DSi)","- Gigaleaks (TwlIPL)","N/A","Nintendo DSi Sound","Nintendo","","","","DS Sound","Prototype DSi Sound","endofline"
"ecConfigView","v1.0","_20090303","srl","","NAND","TWL (DSi)","- Gigaleaks (sd.rar)","N/A","EC file utility","","","","TRUE","TWL EC file utility","DSi Shop config viewer","endofline"
"ecConfigView","v1.0","_20090303","tad","","NAND","TWL (DSi)","- Gigaleaks (sd.rar)","N/A","EC file utility","","","","","TWL EC file utility","DSi Shop config viewer","endofline"
"encodeSD","v0","","srl","","NAND","TWL (DSi)","- Gigaleaks (TwlToolsRED)","N/A","NINTENDO DSi™","Demonstration","","","","encodeSD","","endofline"
"encodeSD","v0","","tad","","NAND","TWL (DSi)","- Gigaleaks (TwlToolsRED)","N/A","NINTENDO DSi™","Demonstration","","","","encodeSD","","endofline"
"F-WRITER","v1.0k","_20061211","srl","","CARD","NTR (DS)","- Foxconn","March42 and j4m13c0, for <a href='https://web.archive.org/web/20230324233451/https://illusion.64history.net/'>FOI</a>","NINTENDO DS™","Demonstration","","high","TRUE","F-WRITER","USG firmware writer","endofline"
"KART","Cartridge","","srl","","NAND","TWL (DSi)","- Development Classroom DSi","collection_nintendo, rmc, MaxiBash, and xp","camera KART","","","","","KART","Augmented reality test","endofline"
"KART","Cartridge","","tad","TRUE","NAND","TWL (DSi)","- Development Classroom DSi","collection_nintendo, rmc, MaxiBash, and xp","camera KART","","","","","KART","Augmented reality test","endofline"
"KART","K04_altheader","","srl","","NAND","TWL (DSi)","- Development Classroom DSi","collection_nintendo, rmc, MaxiBash, and xp","camera KART","","","","","KART","Augmented reality test","endofline"
"KART","K04_altheader","","tad","TRUE","NAND","TWL (DSi)","- Development Classroom DSi","collection_nintendo, rmc, MaxiBash, and xp","camera KART","","","","","KART","Augmented reality test","endofline"
"KART","K04","","srl","","NAND","TWL (DSi)","- Development Classroom DSi","collection_nintendo, rmc, MaxiBash, and xp","camera KART","","","","","KART","Augmented reality test","endofline"
"KART","K04","","tad","TRUE","NAND","TWL (DSi)","- Development Classroom DSi","collection_nintendo, rmc, MaxiBash, and xp","camera KART","","","","","KART","Augmented reality test","endofline"
"KART","K06_deleted","","srl","","NAND","TWL (DSi)","- Development Classroom DSi","collection_nintendo, rmc, MaxiBash, and xp","camera KART","","","","","KART","Augmented reality test","endofline"
"KART","K06_deleted","","tad","TRUE","NAND","TWL (DSi)","- Development Classroom DSi","collection_nintendo, rmc, MaxiBash, and xp","camera KART","","","","","KART","Augmented reality test","endofline"
"KART","K06","","srl","","NAND","TWL (DSi)","- Development Classroom DSi","collection_nintendo, rmc, MaxiBash, and xp","camera KART","","","","","KART","Augmented reality test","endofline"
"KART","K06","","tad","TRUE","NAND","TWL (DSi)","- Development Classroom DSi","collection_nintendo, rmc, MaxiBash, and xp","camera KART","","","","","KART","Augmented reality test","endofline"
"KART","K07_2","","srl","","NAND","TWL (DSi)","- Development Classroom DSi","collection_nintendo, rmc, MaxiBash, and xp","camera KART2","","","","","KART","Augmented reality test","endofline"
"KART","K07_2","","tad","TRUE","NAND","TWL (DSi)","- Development Classroom DSi","collection_nintendo, rmc, MaxiBash, and xp","camera KART2","","","","","KART","Augmented reality test","endofline"
"KART","K07_n2","","srl","","NAND","TWL (DSi)","- Development Classroom DSi","collection_nintendo, rmc, MaxiBash, and xp","camera KARTn2","","","","","KART","Augmented reality test","endofline"
"KART","K07_n2","","tad","TRUE","NAND","TWL (DSi)","- Development Classroom DSi","collection_nintendo, rmc, MaxiBash, and xp","camera KARTn2","","","","","KART","Augmented reality test","endofline"
"KART","K07","","srl","","NAND","TWL (DSi)","- Development Classroom DSi","collection_nintendo, rmc, MaxiBash, and xp","camera KART","","","","","KART","Augmented reality test","endofline"
"KART","K07","","tad","TRUE","NAND","TWL (DSi)","- Development Classroom DSi","collection_nintendo, rmc, MaxiBash, and xp","camera KART","","","","","KART","Augmented reality test","endofline"
"Launcher","v----_----","","srl","","NAND","TWL (DSi)","- DSi dev units<br>- Gigaleaks (TwlIPL)","N/A","Launcher","","","","","Launcher","Prototype home menu","endofline"
"Launcher","v----_----","","tad","","NAND","TWL (DSi)","- DSi dev units<br>- Gigaleaks (TwlIPL)","N/A","Launcher","","","","","Launcher","Prototype home menu","endofline"
"Launcher","v1206_5614","","srl","","NAND","TWL (DSi)","- DSi dev units<br>- Gigaleaks (TwlIPL)","N/A","Launcher","","","","","Launcher","Prototype home menu","endofline"
"Launcher","v1206_5614","","tad","","NAND","TWL (DSi)","- DSi dev units<br>- Gigaleaks (TwlIPL)","N/A","Launcher","","","","","Launcher","Prototype home menu","endofline"
"Launcher","v1206_5614_(update)","","srl","","NAND","TWL (DSi)","- DSi dev units<br>- Gigaleaks (TwlIPL)","N/A","Launcher","","","","","Launcher","Prototype home menu","endofline"
"Launcher","v1206_5614_(update)","","tad","TRUE","NAND","TWL (DSi)","- DSi dev units<br>- Gigaleaks (TwlIPL)","N/A","Launcher","","","","","Launcher","Prototype home menu","endofline"
"Launcher","v1541_6291","","srl","","NAND","TWL (DSi)","- DSi dev units<br>- Gigaleaks (TwlIPL)","N/A","Launcher","","","","","Launcher","Prototype home menu","endofline"
"Launcher","v1541_6291","","tad","TRUE","NAND","TWL (DSi)","- DSi dev units<br>- Gigaleaks (TwlIPL)","N/A","Launcher","","","","","Launcher","Prototype home menu","endofline"
"Launcher","v2235_7985","","srl","","NAND","TWL (DSi)","- DSi dev units<br>- Gigaleaks (TwlIPL)","N/A","Launcher","","","","","Launcher","Prototype home menu","endofline"
"Launcher","v2235_7985","","tad","TRUE","NAND","TWL (DSi)","- DSi dev units<br>- Gigaleaks (TwlIPL)","N/A","Launcher","","","","","Launcher","Prototype home menu","endofline"
"Launcher","v2725_9336","","srl","","NAND","TWL (DSi)","- DSi dev units<br>- Gigaleaks (TwlIPL)","N/A","Launcher","","","","","Launcher","Prototype home menu","endofline"
"Launcher","v2725_9336","","tad","","NAND","TWL (DSi)","- DSi dev units<br>- Gigaleaks (TwlIPL)","N/A","Launcher","","","","","Launcher","Prototype home menu","endofline"
"Launcher","v2725_9336_(prod)","","srl","","NAND","TWL (DSi)","- DSi dev units<br>- Gigaleaks (TwlIPL)","N/A","Launcher","","","","","Launcher","Prototype home menu","endofline"
"Launcher","v2725_9336_(prod)","","tad","","NAND","TWL (DSi)","- DSi dev units<br>- Gigaleaks (TwlIPL)","N/A","Launcher","","","","","Launcher","Prototype home menu","endofline"
"Launcher","unknown","","srl","","NAND","TWL (DSi)","- DSi dev units<br>- Gigaleaks (TwlIPL)","N/A","Launcher","","","","","Launcher","Prototype home menu","endofline"
"Launcher","unknown","","tad","TRUE","NAND","TWL (DSi)","- DSi dev units<br>- Gigaleaks (TwlIPL)","N/A","Launcher","","","","","Launcher","Prototype home menu","endofline"
"MachineSettings","v----_----","","srl","","NAND","TWL (DSi)","- DSi dev units<br>- Gigaleaks (TwlIPL)","Voodooween and March42","Settings","","","","TRUE","Machine Settings","Prototype system settings","endofline"
"MachineSettings","v----_----","","tad","","NAND","TWL (DSi)","- DSi dev units<br>- Gigaleaks (TwlIPL)","Voodooween and March42","Settings","","","","","Machine Settings","Prototype system settings","endofline"
"MachineSettings","v1025_5199","","srl","","NAND","TWL (DSi)","- DSi dev units<br>- Gigaleaks (TwlIPL)","Voodooween and March42","Settings","","","","","Machine Settings","Prototype system settings","endofline"
"MachineSettings","v1542_6291","","srl","","NAND","TWL (DSi)","- DSi dev units<br>- Gigaleaks (TwlIPL)","Voodooween and March42","Settings","","","","","Machine Settings","Prototype system settings","endofline"
"MachineSettings","v1542_6291","","tad","TRUE","NAND","TWL (DSi)","- DSi dev units<br>- Gigaleaks (TwlIPL)","Voodooween and March42","Settings","","","","","Machine Settings","Prototype system settings","endofline"
"MachineSettings","v1206_5614","","srl","","NAND","TWL (DSi)","- DSi dev units<br>- Gigaleaks (TwlIPL)","Voodooween and March42","Settings","","","","","Machine Settings","Prototype system settings","endofline"
"MachineSettings","v1206_5614","","tad","TRUE","NAND","TWL (DSi)","- DSi dev units<br>- Gigaleaks (TwlIPL)","Voodooween and March42","Settings","","","","","Machine Settings","Prototype system settings","endofline"
"MachineSettings","v1206_5614_(update)","","srl","","NAND","TWL (DSi)","- DSi dev units<br>- Gigaleaks (TwlIPL)","Voodooween and March42","Settings","","","","","Machine Settings","Prototype system settings","endofline"
"MachineSettings","v1206_5614_(update)","","tad","","NAND","TWL (DSi)","- DSi dev units<br>- Gigaleaks (TwlIPL)","Voodooween and March42","Settings","","","","","Machine Settings","Prototype system settings","endofline"
"MachineSettings","v2095_7739","","srl","","NAND","TWL (DSi)","- DSi dev units<br>- Gigaleaks (TwlIPL)","Voodooween and March42","Settings","","","","","Machine Settings","Prototype system settings","endofline"
"MachineSettings","v2095_7739","","tad","TRUE","NAND","TWL (DSi)","- DSi dev units<br>- Gigaleaks (TwlIPL)","Voodooween and March42","Settings","","","","","Machine Settings","Prototype system settings","endofline"
"MachineSettings","v2105_7739","","srl","","NAND","TWL (DSi)","- DSi dev units<br>- Gigaleaks (TwlIPL)","Voodooween and March42","Settings","","","","","Machine Settings","Prototype system settings","endofline"
"MachineSettings","v2725_9336","","srl","","NAND","TWL (DSi)","- DSi dev units<br>- Gigaleaks (TwlIPL)","Voodooween and March42","Settings","","","","","Machine Settings","Prototype system settings","endofline"
"MachineSettings","v2725_9336","","tad","","NAND","TWL (DSi)","- DSi dev units<br>- Gigaleaks (TwlIPL)","Voodooween and March42","Settings","","","","","Machine Settings","Prototype system settings","endofline"
"MachineSettings","v2725_9336_(prod)","","srl","","NAND","TWL (DSi)","- DSi dev units<br>- Gigaleaks (TwlIPL)","Voodooween and March42","Settings","","","","","Machine Settings","Prototype system settings","endofline"
"MachineSettings","v2725_9336_(prod)","","tad","","NAND","TWL (DSi)","- DSi dev units<br>- Gigaleaks (TwlIPL)","Voodooween and March42","Settings","","","","","Machine Settings","Prototype system settings","endofline"
"MbCardBackupTest","v2.4","_20060301","srl","","NAND","TWL (DSi)","","N/A","Nintendo Card Backup Util","By Mark Jawad [NOA]","","","","mb card backup test","DS dev cart read/write tests","endofline"
"MbCardBackupTest","v2.6","_20080918","srl","","NAND","TWL (DSi)","","N/A","Nintendo Card Backup Util","By Mark Jawad [NOA]","","","","mb card backup test","DS dev cart read/write tests","endofline"
"MbChild","","","srl","","CARD","NTR (DS)","- Nintendo Developer Portal (NitroSDK)","N/A","","","","","","MbChild","Download play test","endofline"
"MbChild","simple","","srl","","CARD","NTR (DS)","- Nintendo Developer Portal (NitroSDK)","N/A","","","","","","MbChild","Download play test","endofline"
"MicTester","","_20081201","srl","","CARD","NTR (DS)","- Foxconn","March42, for <a href='https://web.archive.org/web/20230324233451/https://illusion.64history.net/'>FOI</a>","NINTENDO DS™","Demonstration","","","TRUE","Mic Tester","Audio tester","endofline"
"MicTester","v4.0","","srl","","CARD","NTR (DS)","- Foxconn","March42, for <a href='https://web.archive.org/web/20230324233451/https://illusion.64history.net/'>FOI</a>","NINTENDO DS™","Demonstration","","","","Mic Tester","Audio tester","endofline"
"MitsumiElectricDebugTool","v0","","srl","","CARD","NTR (DS)","- Mitsumi Electric","March42, for <a href='https://web.archive.org/web/20230324233451/https://illusion.64history.net/'>FOI</a>","","","","","","Mitsumi Electric Debug Tool","DS WiFi module tester","endofline"
"NANDAgingChecker","","_20080801a","srl","","CARD","TWL (DSi)","- Gigaleaks (TwlToolRED)","N/A","NINTENDO DS™","Demonstration","","high","TRUE","SD/NAND Aging Checker","SD & NAND read/write tests","endofline"
"nandAppSample","v0","","srl","","NAND","TWL (DSi)","- Gigaleaks (TwlToolsRED)","N/A","simple","","","","","nandAppSample","","endofline"
"nandAppSample","v0","","tad","","NAND","TWL (DSi)","- Gigaleaks (TwlToolsRED)","N/A","simple","","","","","nandAppSample","","endofline"
"NandFiler","v9297","","srl","","NAND","TWL (DSi)","- Nintendo Developer Portal (TWL SDK)","N/A","NandFiler","","TRUE","","TRUE","NandFiler","NAND save manager","endofline"
"NandFiler","v9297","","tad","TRUE","NAND","TWL (DSi)","- Nintendo Developer Portal (TWL SDK)","N/A","NandFiler","","","","","NandFiler","NAND save manager","endofline"
"NandFiler","v9826","","srl","","NAND","TWL (DSi)","- Nintendo Developer Portal (TWL SDK)","N/A","NandFiler","","","","","NandFiler","NAND save manager","endofline"
"NandFiler","v9826","","tad","TRUE","NAND","TWL (DSi)","- Nintendo Developer Portal (TWL SDK)","N/A","NandFiler","","","","","NandFiler","NAND save manager","endofline"
"NandFiler","v10126","","srl","","NAND","TWL (DSi)","- Nintendo Developer Portal (TWL SDK)","N/A","NandFiler","","","","","NandFiler","NAND save manager","endofline"
"NandFiler","v10126","","tad","","NAND","TWL (DSi)","- Nintendo Developer Portal (TWL SDK)","N/A","NandFiler","","","","","NandFiler","NAND save manager","endofline"
"NandFiler","v10616","","srl","","NAND","TWL (DSi)","- Nintendo Developer Portal (TWL SDK)","N/A","NandFiler","","","","","NandFiler","NAND save manager","endofline"
"NandFiler","v10616","","tad","","NAND","TWL (DSi)","- Nintendo Developer Portal (TWL SDK)","N/A","NandFiler","","","","","NandFiler","NAND save manager","endofline"
"NandFiler","v10769","","srl","","NAND","TWL (DSi)","- Nintendo Developer Portal (TWL SDK)","N/A","NandFiler","","","","","NandFiler","NAND save manager","endofline"
"NandFiler","v10769","","tad","","NAND","TWL (DSi)","- Nintendo Developer Portal (TWL SDK)","N/A","NandFiler","","","","","NandFiler","NAND save manager","endofline"
"NandFiler","v10984","","srl","","NAND","TWL (DSi)","- Nintendo Developer Portal (TWL SDK)","N/A","NandFiler","","","","","NandFiler","NAND save manager","endofline"
"NandFiler","v10984","","tad","TRUE","NAND","TWL (DSi)","- Nintendo Developer Portal (TWL SDK)","N/A","NandFiler","","","","","NandFiler","NAND save manager","endofline"
"NandFiler","v11003","","srl","","NAND","TWL (DSi)","- Nintendo Developer Portal (TWL SDK)","N/A","NandFiler","","","","","NandFiler","NAND save manager","endofline"
"NandFiler","v11003","","tad","","NAND","TWL (DSi)","- Nintendo Developer Portal (TWL SDK)","N/A","NandFiler","","","","","NandFiler","NAND save manager","endofline"
"NandFiler","v11015","","srl","","NAND","TWL (DSi)","- Nintendo Developer Portal (TWL SDK)","N/A","NandFiler","","","","","NandFiler","NAND save manager","endofline"
"NandFiler","v11015","","tad","","NAND","TWL (DSi)","- Nintendo Developer Portal (TWL SDK)","N/A","NandFiler","","","","","NandFiler","NAND save manager","endofline"
"NandFiler","v11190","","srl","","NAND","TWL (DSi)","- Nintendo Developer Portal (TWL SDK)","N/A","NandFiler","","","","","NandFiler","NAND save manager","endofline"
"NandFiler","v11190","","tad","","NAND","TWL (DSi)","- Nintendo Developer Portal (TWL SDK)","N/A","NandFiler","","","","","NandFiler","NAND save manager","endofline"
"NandFiler","v11270","","srl","","NAND","TWL (DSi)","- Nintendo Developer Portal (TWL SDK)","N/A","NandFiler","","","","","NandFiler","NAND save manager","endofline"
"NandFiler","v11270","","tad","","NAND","TWL (DSi)","- Nintendo Developer Portal (TWL SDK)","N/A","NandFiler","","","","","NandFiler","NAND save manager","endofline"
"NandFiler","v11280","","srl","","NAND","TWL (DSi)","- Nintendo Developer Portal (TWL SDK)","N/A","NandFiler","","","","","NandFiler","NAND save manager","endofline"
"NandFiler","v11280","","tad","","NAND","TWL (DSi)","- Nintendo Developer Portal (TWL SDK)","N/A","NandFiler","","","","","NandFiler","NAND save manager","endofline"
"NandFiler","v11288","","srl","","NAND","TWL (DSi)","- Nintendo Developer Portal (TWL SDK)","N/A","NandFiler","","","","","NandFiler","NAND save manager","endofline"
"NandFiler","v11288","","tad","","NAND","TWL (DSi)","- Nintendo Developer Portal (TWL SDK)","N/A","NandFiler","","","","","NandFiler","NAND save manager","endofline"
"NandFiler","v11323","","srl","","NAND","TWL (DSi)","- Nintendo Developer Portal (TWL SDK)","N/A","NandFiler","","","","","NandFiler","NAND save manager","endofline"
"NandFiler","v11323","","tad","","NAND","TWL (DSi)","- Nintendo Developer Portal (TWL SDK)","N/A","NandFiler","","","","","NandFiler","NAND save manager","endofline"
"NandFiler","v11364","","srl","","NAND","TWL (DSi)","- Nintendo Developer Portal (TWL SDK)","N/A","NandFiler","","","","","NandFiler","NAND save manager","endofline"
"NandFiler","v11364","","tad","","NAND","TWL (DSi)","- Nintendo Developer Portal (TWL SDK)","N/A","NandFiler","","","","","NandFiler","NAND save manager","endofline"
"NandFiler","v11414","","srl","","NAND","TWL (DSi)","- Nintendo Developer Portal (TWL SDK)","N/A","NandFiler","","","","","NandFiler","NAND save manager","endofline"
"NandFiler","v11414","","tad","","NAND","TWL (DSi)","- Nintendo Developer Portal (TWL SDK)","N/A","NandFiler","","","","","NandFiler","NAND save manager","endofline"
"NandFiler","v11437","","srl","","NAND","TWL (DSi)","- Nintendo Developer Portal (TWL SDK)","N/A","NandFiler","","","","","NandFiler","NAND save manager","endofline"
"NandFiler","v11437","","tad","","NAND","TWL (DSi)","- Nintendo Developer Portal (TWL SDK)","N/A","NandFiler","","","","","NandFiler","NAND save manager","endofline"
"NANDSoundPlayer","v0_regionfree","","srl","","NAND","TWL (DSi)","- Nintendo Developer Portal (TWL System)","N/A","NAND SoundPlayer","Nintendo","","","TRUE","NAND SoundPlayer","SDAT player/viewer","endofline"
"NANDSoundPlayer","v0_regionfree","","tad","","NAND","TWL (DSi)","- Nintendo Developer Portal (TWL System)","N/A","NAND SoundPlayer","Nintendo","","","","NAND SoundPlayer","SDAT player/viewer","endofline"
"NANDSoundPlayer","v0","","srl","","NAND","TWL (DSi)","- Nintendo Developer Portal (TWL System)","N/A","NAND SoundPlayer","Nintendo","","","","NAND SoundPlayer","SDAT player/viewer","endofline"
"NANDSoundPlayer","v0","","tad","","NAND","TWL (DSi)","- Nintendo Developer Portal (TWL System)","N/A","NAND SoundPlayer","Nintendo","","","","NAND SoundPlayer","SDAT player/viewer","endofline"
"NANDSweeper","Secure","_20090212a","srl","","CARD","TWL (DSi)","- Gigaleaks (TwlToolRED)","N/A","NINTENDO DSi™","Demonstration","","high","TRUE","NAND Sweeper","SD & NAND read/write tests","endofline"
"NANDSweeper","","_20090212a","srl","","CARD","TWL (DSi)","- Gigaleaks (TwlToolRED)","N/A","NINTENDO DSi™","Demonstration","","high","","NAND Sweeper","SD & NAND read/write tests","endofline"
"NCFGCrusher","v0","","srl","","CARD","TWL (DSi)","- Nintendo Developer Portal (TWL SDK)","N/A","NCFG Crusher","","","","TRUE","NCFG Crusher","WiFi config deletion","endofline"
"Nitro_EVA","v1.0","","srl","","CARD","NTR (DS)","- Foxconn","N/A","NINTENDO DS™","Demonstration","","","TRUE","Nitro EVA","DS factory tests","endofline"
"Nitro_EVA","v5.1","_20050621","srl","","CARD","NTR (DS)","- Foxconn","N/A","NINTENDO DS™","Demonstration","","","","Nitro EVA","DS factory tests","endofline"
"Nitro_EVA","v6.0","_20051111","srl","","CARD","NTR (DS)","- Foxconn","N/A","NINTENDO DS™","Demonstration","","","","Nitro EVA","DS factory tests","endofline"
"Nitro_EVA","v8.0","_20061205","srl","","CARD","NTR (DS)","- Foxconn","N/A","NINTENDO DS™","Demonstration","","","","Nitro EVA","DS factory tests","endofline"
"Nitro_EVA","v9.0","_20070409","srl","","CARD","NTR (DS)","- Foxconn","N/A","NINTENDO DS™","Demonstration","","","","Nitro EVA","DS factory tests","endofline"
"Nitro_EVA","v10.0","_20080617","srl","","CARD","NTR (DS)","- Foxconn","N/A","NINTENDO DS™","Demonstration","","","","Nitro EVA","DS factory tests","endofline"
"Nitro_EVA","v11.0","_20101027","srl","","CARD","NTR (DS)","- Foxconn","N/A","NINTENDO DS™","Demonstration","","","","Nitro EVA","DS factory tests","endofline"
"Nitro_EVA","v11.1","_20111208","srl","","CARD","NTR (DS)","- Foxconn","N/A","NINTENDO DS™","Demonstration","","","","Nitro EVA","DS factory tests","endofline"
"NotLaunch","ALL","","srl","","NAND","TWL (DSi)","- Gigaleaks (TwlIPL)","N/A","NINTENDO DS™","Demonstration","","","TRUE","NotLaunch","Hidden launcher app demo","endofline"
"NotLaunch","ALL","","tad","","NAND","TWL (DSi)","- Gigaleaks (TwlIPL)","N/A","NINTENDO DS™","Demonstration","","","","NotLaunch","Hidden launcher app demo","endofline"
"NotLaunch","America","","srl","","NAND","TWL (DSi)","- Gigaleaks (TwlIPL)","N/A","NINTENDO DS™","Demonstration","","","","NotLaunch","Hidden launcher app demo","endofline"
"NotLaunch","America","","tad","","NAND","TWL (DSi)","- Gigaleaks (TwlIPL)","N/A","NINTENDO DS™","Demonstration","","","","NotLaunch","Hidden launcher app demo","endofline"
"NotLaunch","Australia","","srl","","NAND","TWL (DSi)","- Gigaleaks (TwlIPL)","N/A","NINTENDO DS™","Demonstration","","","","NotLaunch","Hidden launcher app demo","endofline"
"NotLaunch","Australia","","tad","","NAND","TWL (DSi)","- Gigaleaks (TwlIPL)","N/A","NINTENDO DS™","Demonstration","","","","NotLaunch","Hidden launcher app demo","endofline"
"NotLaunch","Europe","","srl","","NAND","TWL (DSi)","- Gigaleaks (TwlIPL)","N/A","NINTENDO DS™","Demonstration","","","","NotLaunch","Hidden launcher app demo","endofline"
"NotLaunch","Europe","","tad","","NAND","TWL (DSi)","- Gigaleaks (TwlIPL)","N/A","NINTENDO DS™","Demonstration","","","","NotLaunch","Hidden launcher app demo","endofline"
"NotLaunch","Japan","","srl","","NAND","TWL (DSi)","- Gigaleaks (TwlIPL)","N/A","NINTENDO DS™","Demonstration","","","","NotLaunch","Hidden launcher app demo","endofline"
"NotLaunch","Japan","","tad","","NAND","TWL (DSi)","- Gigaleaks (TwlIPL)","N/A","NINTENDO DS™","Demonstration","","","","NotLaunch","Hidden launcher app demo","endofline"
"PhotoChecker","v1.4","","srl","","CARD","TWL (DSi)","- Nintendo Developer Portal (Twl SDK)","N/A","PhotoChecker V1.4","","","","TRUE","PhotoChecker","Photo checker","endofline"
"PictoChat","v0","","srl","","NAND","TWL (DSi)","- Gigaleaks (TwlIPL)","N/A","PICTOCHAT(EN)","","","","TRUE","PictoChat (prototype)","Prototype PictoChat","endofline"
"PictoChat","v0","","tad","","NAND","TWL (DSi)","- Gigaleaks (TwlIPL)","N/A","PICTOCHAT(EN)","","","","","PictoChat (prototype)","Prototype PictoChat","endofline"
"rtcedit","v0","","srl","","CARD","NTR (DS)","- Unkown","N/A","NINTENDO DS™","Demonstration","","","","rtcedit","RTC editor","endofline"
"SaveDataTest","SEQURE","","srl","","NAND","TWL (DSi)","- Gigaleaks (TwlIPL)","N/A","DispVer SEQURE","Region:EN","","","","SaveDataTest","Save data tests","endofline"
"SaveDataTest","SEQURE","","tad","","NAND","TWL (DSi)","- Gigaleaks (TwlIPL)","N/A","DispVer SEQURE","Region:EN","","","","SaveDataTest","Save data tests","endofline"
"SaveDataTest","TARGET","","srl","","NAND","TWL (DSi)","- Gigaleaks (TwlIPL)","N/A","DispVer TARGET","Region:EN","","","","SaveDataTest","Save data tests","endofline"
"SaveDataTest","TARGET","","tad","","NAND","TWL (DSi)","- Gigaleaks (TwlIPL)","N/A","DispVer TARGET","Region:EN","","","","SaveDataTest","Save data tests","endofline"
"SaveDataTest","USER","","srl","","NAND","TWL (DSi)","- Gigaleaks (TwlIPL)","N/A","DispVer USER","","","","","SaveDataTest","Save data tests","endofline"
"SaveDataTest","USER","","tad","","NAND","TWL (DSi)","- Gigaleaks (TwlIPL)","N/A","DispVer USER","","","","","SaveDataTest","Save data tests","endofline"
"sd2photo","v0","","srl","","NAND","TWL (DSi)","- Gigaleaks (TwlIPL)","N/A","SD to Photo","","","","TRUE","sd2photo","SD to NAND photo copier","endofline"
"SequencerCTR","v1.0","_20160713","srl","","CARD","TWL (DSi)","- Gigaleaks (3DS_manu.7z)","N/A","NINTENDO DSi™","Demonstration","","","","CTR CPU Board Sequencer","3DS factory programming","endofline"
"SequencerRVL","v3.0","_20100104","srl","","CARD","NTR (DS)","- Foxconn","j4m13c0, and XX_750000 for <a href='https://web.archive.org/web/20230324233451/https://illusion.64history.net/'>FOI</a>","NINTENDO DS™","Demonstration","","","","RVL CPU Board Sequencer","Wii factory programming","endofline"
"SequencerRVL","v7.2","_20070629","srl","","CARD","NTR (DS)","- Foxconn","j4m13c0, and XX_750000 for <a href='https://web.archive.org/web/20230324233451/https://illusion.64history.net/'>FOI</a>","NINTENDO DS™","Demonstration","","","","RVL CPU Board Sequencer","Wii factory programming","endofline"
"SequencerRVL","v12.2","_20100303","srl","","CARD","NTR (DS)","- Foxconn","j4m13c0, and XX_750000 for <a href='https://web.archive.org/web/20230324233451/https://illusion.64history.net/'>FOI</a>","NINTENDO DS™","Demonstration","","","","RVL CPU Board Sequencer","Wii factory programming","endofline"
"SequencerRVL","v13","_20110809","srl","","CARD","NTR (DS)","- Foxconn","j4m13c0, and XX_750000 for <a href='https://web.archive.org/web/20230324233451/https://illusion.64history.net/'>FOI</a>","NINTENDO DS™","Demonstration","","","","RVL CPU Board Sequencer","Wii factory programming","endofline"
"Shop","thumb","","srl","","NAND","TWL (DSi)","- Gigaleaks (sd.rar)<br>- Gigaleaks (from_Nintendo.rar)","N/A","Nintendo DSi Shop","Nintendo","","","","Shop","Debug DSi Shop","endofline"
"Shop","thumb","","tad","","NAND","TWL (DSi)","- Gigaleaks (sd.rar)<br>- Gigaleaks (from_Nintendo.rar)","N/A","Nintendo DSi Shop","Nintendo","","","","Shop","Debug DSi Shop","endofline"
"Shop","v1536","","srl","","NAND","TWL (DSi)","- Gigaleaks (sd.rar)<br>- Gigaleaks (from_Nintendo.rar)","N/A","Nintendo DSi Shop","Nintendo","","","","Shop","Debug DSi Shop","endofline"
"Shop","v1536","","tad","","NAND","TWL (DSi)","- Gigaleaks (sd.rar)<br>- Gigaleaks (from_Nintendo.rar)","N/A","Nintendo DSi Shop","Nintendo","","","","Shop","Debug DSi Shop","endofline"
"Shop","v14231","","srl","","NAND","TWL (DSi)","- Gigaleaks (sd.rar)<br>- Gigaleaks (from_Nintendo.rar)","N/A","Nintendo DSi Shop","Nintendo","","","","Shop","Debug DSi Shop","endofline"
"Shop","v14231","","tad","","NAND","TWL (DSi)","- Gigaleaks (sd.rar)<br>- Gigaleaks (from_Nintendo.rar)","N/A","Nintendo DSi Shop","Nintendo","","","","Shop","Debug DSi Shop","endofline"
"SimpleApp","v0","","srl","","NAND","TWL (DSi)","- Gigaleaks (TwlIPL)","N/A","simple","","","","","SimpleApp","Launcher jump test","endofline"
"SoftKeyboard","v0","","srl","","CARD","NTR (DS)","- Nintendo Developer Portal (NitroSample SoftKeyboard)","N/A","NINTENDO DS™","Demonstration","","","TRUE","Soft Keyboard","SDK keyboard demo","endofline"
"sysmenuVersion","v1.0-all","","srl","","NAND","TWL (DSi)","- Gigaleaks (TwlIPL)","N/A","","","","","","Version Data","System version datafile",""
"sysmenuVersion","v1.0-all","","tad","","NAND","TWL (DSi)","- Gigaleaks (TwlIPL)","N/A","","","","","","Version Data","System version datafile",""
"sysmenuVersion","v1.0-aus","","srl","","NAND","TWL (DSi)","- Gigaleaks (TwlIPL)","N/A","","","","","","Version Data","System version datafile",""
"sysmenuVersion","v1.0-aus","","tad","","NAND","TWL (DSi)","- Gigaleaks (TwlIPL)","N/A","","","","","","Version Data","System version datafile",""
"sysmenuVersion","v1.0-eur","","srl","","NAND","TWL (DSi)","- Gigaleaks (TwlIPL)","N/A","","","","","","Version Data","System version datafile",""
"sysmenuVersion","v1.0-eur","","tad","","NAND","TWL (DSi)","- Gigaleaks (TwlIPL)","N/A","","","","","","Version Data","System version datafile",""
"sysmenuVersion","v1.0-jpn","","srl","","NAND","TWL (DSi)","- Gigaleaks (TwlIPL)","N/A","","","","","","Version Data","System version datafile",""
"sysmenuVersion","v1.0-jpn","","tad","","NAND","TWL (DSi)","- Gigaleaks (TwlIPL)","N/A","","","","","","Version Data","System version datafile",""
"sysmenuVersion","v1.0-usa","","srl","","NAND","TWL (DSi)","- Gigaleaks (TwlIPL)","N/A","","","","","","Version Data","System version datafile",""
"sysmenuVersion","v1.0-usa","","tad","","NAND","TWL (DSi)","- Gigaleaks (TwlIPL)","N/A","","","","","","Version Data","System version datafile",""
"tcl_2","v0","","srl","","NAND","TWL (DSi)","- Gigaleaks (sd.rar)","N/A","tcl-2","","","","TRUE","tcl_2","ROM to NAND photo copier","endofline"
"tcl_2","v0","","tad","","NAND","TWL (DSi)","- Gigaleaks (sd.rar)","N/A","tcl-2","","","","","tcl_2","ROM to NAND photo copier","endofline"
"TitleList","A_NORMAL","","srl","","NAND","TWL (DSi)","- Gigaleaks (TwlIPL)","N/A","TitleList A","Region:EN","","","","TitleList","Shared save data tests","endofline"
"TitleList","A_NORMAL","","tad","","NAND","TWL (DSi)","- Gigaleaks (TwlIPL)","N/A","TitleList A","Region:EN","","","","TitleList","Shared save data tests","endofline"
"TitleList","B_NORMAL","","srl","","NAND","TWL (DSi)","- Gigaleaks (TwlIPL)","N/A","TitleList B","Region:EN","","","","TitleList","Shared save data tests","endofline"
"TitleList","B_NORMAL","","tad","","NAND","TWL (DSi)","- Gigaleaks (TwlIPL)","N/A","TitleList B","Region:EN","","","","TitleList","Shared save data tests","endofline"
"TitleList","C_NORMAL","","srl","","NAND","TWL (DSi)","- Gigaleaks (TwlIPL)","N/A","TitleList C","Region:EN","","","","TitleList","Shared save data tests","endofline"
"TitleList","C_NORMAL","","tad","","NAND","TWL (DSi)","- Gigaleaks (TwlIPL)","N/A","TitleList C","Region:EN","","","","TitleList","Shared save data tests","endofline"
"TitleList","D_NORMAL","","srl","","NAND","TWL (DSi)","- Gigaleaks (TwlIPL)","N/A","TitleList D","Region:EN","","","","TitleList","Shared save data tests","endofline"
"TitleList","D_NORMAL","","tad","","NAND","TWL (DSi)","- Gigaleaks (TwlIPL)","N/A","TitleList D","Region:EN","","","","TitleList","Shared save data tests","endofline"
"TitleList","E_NORMAL","","srl","","NAND","TWL (DSi)","- Gigaleaks (TwlIPL)","N/A","TitleList E","Region:EN","","","","TitleList","Shared save data tests","endofline"
"TitleList","E_NORMAL","","tad","","NAND","TWL (DSi)","- Gigaleaks (TwlIPL)","N/A","TitleList E","Region:EN","","","","TitleList","Shared save data tests","endofline"
"TitleList","F_NORMAL","","srl","","NAND","TWL (DSi)","- Gigaleaks (TwlIPL)","N/A","TitleList F","Region:EN","","","","TitleList","Shared save data tests","endofline"
"TitleList","F_NORMAL","","tad","","NAND","TWL (DSi)","- Gigaleaks (TwlIPL)","N/A","TitleList F","Region:EN","","","","TitleList","Shared save data tests","endofline"
"TitleList","G_NORMAL","","srl","","NAND","TWL (DSi)","- Gigaleaks (TwlIPL)","N/A","TitleList G","Region:EN","","","","TitleList","Shared save data tests","endofline"
"TitleList","G_NORMAL","","tad","","NAND","TWL (DSi)","- Gigaleaks (TwlIPL)","N/A","TitleList G","Region:EN","","","","TitleList","Shared save data tests","endofline"
"TitleList","H_NORMAL","","srl","","NAND","TWL (DSi)","- Gigaleaks (TwlIPL)","N/A","TitleList H","Region:EN","","","","TitleList","Shared save data tests","endofline"
"TitleList","H_NORMAL","","tad","","NAND","TWL (DSi)","- Gigaleaks (TwlIPL)","N/A","TitleList H","Region:EN","","","","TitleList","Shared save data tests","endofline"
"TitleList","I_NORMAL","","srl","","NAND","TWL (DSi)","- Gigaleaks (TwlIPL)","N/A","TitleList I","Region:EN","","","","TitleList","Shared save data tests","endofline"
"TitleList","I_NORMAL","","tad","","NAND","TWL (DSi)","- Gigaleaks (TwlIPL)","N/A","TitleList I","Region:EN","","","","TitleList","Shared save data tests","endofline"
"TitleList","J_NORMAL","","srl","","NAND","TWL (DSi)","- Gigaleaks (TwlIPL)","N/A","TitleList J","Region:EN","","","","TitleList","Shared save data tests","endofline"
"TitleList","J_NORMAL","","tad","","NAND","TWL (DSi)","- Gigaleaks (TwlIPL)","N/A","TitleList J","Region:EN","","","","TitleList","Shared save data tests","endofline"
"TitleList","A_SPECIAL","","srl","","NAND","TWL (DSi)","- Gigaleaks (TwlIPL)","N/A","TitleList A","Region:EN","","","","TitleList","Shared save data tests","endofline"
"TitleList","A_SPECIAL","","tad","","NAND","TWL (DSi)","- Gigaleaks (TwlIPL)","N/A","TitleList A","Region:EN","","","","TitleList","Shared save data tests","endofline"
"TitleList","B_SPECIAL","","srl","","NAND","TWL (DSi)","- Gigaleaks (TwlIPL)","N/A","TitleList B","Region:EN","","","","TitleList","Shared save data tests","endofline"
"TitleList","B_SPECIAL","","tad","","NAND","TWL (DSi)","- Gigaleaks (TwlIPL)","N/A","TitleList B","Region:EN","","","","TitleList","Shared save data tests","endofline"
"TitleList","C_SPECIAL","","srl","","NAND","TWL (DSi)","- Gigaleaks (TwlIPL)","N/A","TitleList C","Region:EN","","","","TitleList","Shared save data tests","endofline"
"TitleList","C_SPECIAL","","tad","","NAND","TWL (DSi)","- Gigaleaks (TwlIPL)","N/A","TitleList C","Region:EN","","","","TitleList","Shared save data tests","endofline"
"TitleList","D_SPECIAL","","srl","","NAND","TWL (DSi)","- Gigaleaks (TwlIPL)","N/A","TitleList D","Region:EN","","","","TitleList","Shared save data tests","endofline"
"TitleList","D_SPECIAL","","tad","","NAND","TWL (DSi)","- Gigaleaks (TwlIPL)","N/A","TitleList D","Region:EN","","","","TitleList","Shared save data tests","endofline"
"TitleList","E_SPECIAL","","srl","","NAND","TWL (DSi)","- Gigaleaks (TwlIPL)","N/A","TitleList E","Region:EN","","","","TitleList","Shared save data tests","endofline"
"TitleList","E_SPECIAL","","tad","","NAND","TWL (DSi)","- Gigaleaks (TwlIPL)","N/A","TitleList E","Region:EN","","","","TitleList","Shared save data tests","endofline"
"TitleList","F_SPECIAL","","srl","","NAND","TWL (DSi)","- Gigaleaks (TwlIPL)","N/A","TitleList F","Region:EN","","","","TitleList","Shared save data tests","endofline"
"TitleList","F_SPECIAL","","tad","","NAND","TWL (DSi)","- Gigaleaks (TwlIPL)","N/A","TitleList F","Region:EN","","","","TitleList","Shared save data tests","endofline"
"TitleList","G_SPECIAL","","srl","","NAND","TWL (DSi)","- Gigaleaks (TwlIPL)","N/A","TitleList G","Region:EN","","","","TitleList","Shared save data tests","endofline"
"TitleList","G_SPECIAL","","tad","","NAND","TWL (DSi)","- Gigaleaks (TwlIPL)","N/A","TitleList G","Region:EN","","","","TitleList","Shared save data tests","endofline"
"TitleList","H_SPECIAL","","srl","","NAND","TWL (DSi)","- Gigaleaks (TwlIPL)","N/A","TitleList H","Region:EN","","","","TitleList","Shared save data tests","endofline"
"TitleList","H_SPECIAL","","tad","","NAND","TWL (DSi)","- Gigaleaks (TwlIPL)","N/A","TitleList H","Region:EN","","","","TitleList","Shared save data tests","endofline"
"TitleList","I_SPECIAL","","srl","","NAND","TWL (DSi)","- Gigaleaks (TwlIPL)","N/A","TitleList I","Region:EN","","","","TitleList","Shared save data tests","endofline"
"TitleList","I_SPECIAL","","tad","","NAND","TWL (DSi)","- Gigaleaks (TwlIPL)","N/A","TitleList I","Region:EN","","","","TitleList","Shared save data tests","endofline"
"TitleList","J_SPECIAL","","srl","","NAND","TWL (DSi)","- Gigaleaks (TwlIPL)","N/A","TitleList J","Region:EN","","","","TitleList","Shared save data tests","endofline"
"TitleList","J_SPECIAL","","tad","","NAND","TWL (DSi)","- Gigaleaks (TwlIPL)","N/A","TitleList J","Region:EN","","","","TitleList","Shared save data tests","endofline"
"TmpJumpChecker","v10989","","srl","","NAND","TWL (DSi)","- Nintendo Developer Portal (DSi TrialSoftPackage)","N/A","TwlJumpChecker","","","","","TWL JumpChecker","SRL jump test","endofline"
"TmpJumpChecker","v10989","","tad","","NAND","TWL (DSi)","- Nintendo Developer Portal (DSi TrialSoftPackage)","N/A","TwlJumpChecker","","","","","TWL JumpChecker","SRL jump test","endofline"
"TMPJumpTest","v0","","srl","","NAND","TWL (DSi)","- Gigaleaks (TwlIPL)","N/A","","","","","","TMP JumpTest","","endofline"
"TMPJumpTest","v0","","tad","","NAND","TWL (DSi)","- Gigaleaks (TwlIPL)","N/A","","","","","","TMP JumpTest","","endofline"
"TWL_EVA","v1.0","_20080905","srl","","CARD","TWL (DSi)","- Foxconn","March42, HudU, ufo, Normmatt, Rezrospect, for <a href='https://web.archive.org/web/20230324233451/https://illusion.64history.net/'>FOI</a>","NINTENDO DSi™","Demonstration","","medium","TRUE","TWL EVA","DSi factory tests","endofline"
"TWL_EVA","v2.1","_20081127","srl","","CARD","TWL (DSi)","- Foxconn","March42, HudU, ufo, Normmatt, Rezrospect, for <a href='https://web.archive.org/web/20230324233451/https://illusion.64history.net/'>FOI</a>","NINTENDO DSi™","Demonstration","","medium","","TWL EVA","DSi factory tests","endofline"
"TWL_EVA","v3.0","_20090819","srl","","CARD","TWL (DSi)","- Foxconn","March42, HudU, ufo, Normmatt, Rezrospect, for <a href='https://web.archive.org/web/20230324233451/https://illusion.64history.net/'>FOI</a>","NINTENDO DSi™","Demonstration","","medium","","TWL EVA","DSi factory tests","endofline"
"TWL_EVA","v3.1","_20091119","srl","","CARD","TWL (DSi)","- Foxconn","March42, HudU, ufo, Normmatt, Rezrospect, for <a href='https://web.archive.org/web/20230324233451/https://illusion.64history.net/'>FOI</a>","NINTENDO DSi™","Demonstration","","medium","","TWL EVA","DSi factory tests","endofline"
"TWLManualViewerSD","v090703","","srl","","NAND","TWL (DSi)","- Nintendo Developer Portal (TwlManualTools)","N/A","TWL-ManualViewerSD","","","","","TWL ManualViewerSD","DSiWare manual viewer","endofline"
"TWLManualViewerSD","v090703","","tad","","NAND","TWL (DSi)","- Nintendo Developer Portal (TwlManualTools)","N/A","TWL-ManualViewerSD","","","","","TWL ManualViewerSD","DSiWare manual viewer","endofline"
"TWLManualViewerSD","v090818","","srl","","NAND","TWL (DSi)","- Nintendo Developer Portal (TwlManualTools)","N/A","TWL-ManualViewerSD","","","","","TWL ManualViewerSD","DSiWare manual viewer","endofline"
"TWLManualViewerSD","v090818","","tad","","NAND","TWL (DSi)","- Nintendo Developer Portal (TwlManualTools)","N/A","TWL-ManualViewerSD","","","","","TWL ManualViewerSD","DSiWare manual viewer","endofline"
"TwlNmenu","v9297","","srl","","NAND","TWL (DSi)","- Nintendo Developer Portal (TWL SDK)","N/A","TwlNmenu","","","","TRUE","TwlNmenu","NAND title manager","endofline"
"TwlNmenu","v9297","","tad","TRUE","NAND","TWL (DSi)","- Nintendo Developer Portal (TWL SDK)","N/A","TwlNmenu","","","","","TwlNmenu","NAND title manager","endofline"
"TwlNmenu","v9826","","srl","","NAND","TWL (DSi)","- Nintendo Developer Portal (TWL SDK)","N/A","TwlNmenu","","","","","TwlNmenu","NAND title manager","endofline"
"TwlNmenu","v9826","","tad","TRUE","NAND","TWL (DSi)","- Nintendo Developer Portal (TWL SDK)","N/A","TwlNmenu","","","","","TwlNmenu","NAND title manager","endofline"
"TwlNmenu","v10126","","srl","","NAND","TWL (DSi)","- Nintendo Developer Portal (TWL SDK)","N/A","TwlNmenu","","","","","TwlNmenu","NAND title manager","endofline"
"TwlNmenu","v10126","","tad","","NAND","TWL (DSi)","- Nintendo Developer Portal (TWL SDK)","N/A","TwlNmenu","","","","","TwlNmenu","NAND title manager","endofline"
"TwlNmenu","v10616","","srl","","NAND","TWL (DSi)","- Nintendo Developer Portal (TWL SDK)","N/A","TwlNmenu","","","","","TwlNmenu","NAND title manager","endofline"
"TwlNmenu","v10616","","tad","","NAND","TWL (DSi)","- Nintendo Developer Portal (TWL SDK)","N/A","TwlNmenu","","","","","TwlNmenu","NAND title manager","endofline"
"TwlNmenu","v10769","","srl","","NAND","TWL (DSi)","- Nintendo Developer Portal (TWL SDK)","N/A","TwlNmenu","","","","","TwlNmenu","NAND title manager","endofline"
"TwlNmenu","v10769","","tad","","NAND","TWL (DSi)","- Nintendo Developer Portal (TWL SDK)","N/A","TwlNmenu","","","","","TwlNmenu","NAND title manager","endofline"
"TwlNmenu","v10984","","srl","","NAND","TWL (DSi)","- Nintendo Developer Portal (TWL SDK)","N/A","TwlNmenu","","","","","TwlNmenu","NAND title manager","endofline"
"TwlNmenu","v10984","","tad","TRUE","NAND","TWL (DSi)","- Nintendo Developer Portal (TWL SDK)","N/A","TwlNmenu","","","","","TwlNmenu","NAND title manager","endofline"
"TwlNmenu","v11003","","srl","","NAND","TWL (DSi)","- Nintendo Developer Portal (TWL SDK)","N/A","TwlNmenu","","","","","TwlNmenu","NAND title manager","endofline"
"TwlNmenu","v11003","","tad","","NAND","TWL (DSi)","- Nintendo Developer Portal (TWL SDK)","N/A","TwlNmenu","","","","","TwlNmenu","NAND title manager","endofline"
"TwlNmenu","v11015","","srl","","NAND","TWL (DSi)","- Nintendo Developer Portal (TWL SDK)","N/A","TwlNmenu","","","","","TwlNmenu","NAND title manager","endofline"
"TwlNmenu","v11015","","tad","","NAND","TWL (DSi)","- Nintendo Developer Portal (TWL SDK)","N/A","TwlNmenu","","","","","TwlNmenu","NAND title manager","endofline"
"TwlNmenu","v11190","","srl","","NAND","TWL (DSi)","- Nintendo Developer Portal (TWL SDK)","N/A","TwlNmenu","","","","","TwlNmenu","NAND title manager","endofline"
"TwlNmenu","v11190","","tad","","NAND","TWL (DSi)","- Nintendo Developer Portal (TWL SDK)","N/A","TwlNmenu","","","","","TwlNmenu","NAND title manager","endofline"
"TwlNmenu","v11270","","srl","","NAND","TWL (DSi)","- Nintendo Developer Portal (TWL SDK)","N/A","TwlNmenu","","","","","TwlNmenu","NAND title manager","endofline"
"TwlNmenu","v11270","","tad","","NAND","TWL (DSi)","- Nintendo Developer Portal (TWL SDK)","N/A","TwlNmenu","","","","","TwlNmenu","NAND title manager","endofline"
"TwlNmenu","v11288","","srl","","NAND","TWL (DSi)","- Nintendo Developer Portal (TWL SDK)","N/A","TwlNmenu","","","","","TwlNmenu","NAND title manager","endofline"
"TwlNmenu","v11288","","tad","","NAND","TWL (DSi)","- Nintendo Developer Portal (TWL SDK)","N/A","TwlNmenu","","","","","TwlNmenu","NAND title manager","endofline"
"TwlNmenu","v11323","","srl","","NAND","TWL (DSi)","- Nintendo Developer Portal (TWL SDK)","N/A","TwlNmenu","","","","","TwlNmenu","NAND title manager","endofline"
"TwlNmenu","v11323","","tad","","NAND","TWL (DSi)","- Nintendo Developer Portal (TWL SDK)","N/A","TwlNmenu","","","","","TwlNmenu","NAND title manager","endofline"
"TwlNmenu","v11364","","srl","","NAND","TWL (DSi)","- Nintendo Developer Portal (TWL SDK)","N/A","TwlNmenu","","","","","TwlNmenu","NAND title manager","endofline"
"TwlNmenu","v11364","","tad","","NAND","TWL (DSi)","- Nintendo Developer Portal (TWL SDK)","N/A","TwlNmenu","","","","","TwlNmenu","NAND title manager","endofline"
"TwlNmenu","v11414","","srl","","NAND","TWL (DSi)","- Nintendo Developer Portal (TWL SDK)","N/A","TwlNmenu","","","","","TwlNmenu","NAND title manager","endofline"
"TwlNmenu","v11414","","tad","","NAND","TWL (DSi)","- Nintendo Developer Portal (TWL SDK)","N/A","TwlNmenu","","","","","TwlNmenu","NAND title manager","endofline"
"TwlNmenu","v11437","","srl","","NAND","TWL (DSi)","- Nintendo Developer Portal (TWL SDK)","N/A","TwlNmenu","","","","","TwlNmenu","NAND title manager","endofline"
"TwlNmenu","v11437","","tad","","NAND","TWL (DSi)","- Nintendo Developer Portal (TWL SDK)","N/A","TwlNmenu","","","","","TwlNmenu","NAND title manager","endofline"
"TwlSystemUpdater","v1.0c","_20081118","srl","","CARD","TWL (DSi)","- Nintendo Developer Portal<br>- Gigaleaks (sd.rar)","March42","System Updater","","","medium","TRUE","Twl SystemUpdater","Devkit firmware updater","endofline"
"TwlSystemUpdater","v1.2_forCKdev","_20090417","srl","","CARD","TWL (DSi)","- Nintendo Developer Portal<br>- Gigaleaks (sd.rar)","March42","System Updater","","","medium","","Twl SystemUpdater","Devkit firmware updater","endofline"
"TwlSystemUpdater","v1.2_forCKdev","","srl","","CARD","TWL (DSi)","- Nintendo Developer Portal<br>- Gigaleaks (sd.rar)","March42","System Updater","","","medium","","Twl SystemUpdater","Devkit firmware updater","endofline"
"TwlSystemUpdater","v1.2_forCKdev","","tad","","CARD","TWL (DSi)","- Nintendo Developer Portal<br>- Gigaleaks (sd.rar)","March42","System Updater","","","medium","","Twl SystemUpdater","Devkit firmware updater","endofline"
"TwlSystemUpdater","v1.2","_20090428","srl","","CARD","TWL (DSi)","- Nintendo Developer Portal<br>- Gigaleaks (sd.rar)","March42","System Updater","","","medium","","Twl SystemUpdater","Devkit firmware updater","endofline"
"TwlSystemUpdater","v1.2","_20090428","tad","","CARD","TWL (DSi)","- Nintendo Developer Portal<br>- Gigaleaks (sd.rar)","March42","System Updater","","","medium","","Twl SystemUpdater","Devkit firmware updater","endofline"
"TwlSystemUpdater","v1.2","_20090430","srl","","CARD","TWL (DSi)","- Nintendo Developer Portal<br>- Gigaleaks (sd.rar)","March42","System Updater","","","medium","","Twl SystemUpdater","Devkit firmware updater","endofline"
"TwlSystemUpdater","v1.2","_20090430","tad","","CARD","TWL (DSi)","- Nintendo Developer Portal<br>- Gigaleaks (sd.rar)","March42","System Updater","","","medium","","Twl SystemUpdater","Devkit firmware updater","endofline"
"TwlSystemUpdater","v1.2","_20090514","srl","","CARD","TWL (DSi)","- Nintendo Developer Portal<br>- Gigaleaks (sd.rar)","March42","System Updater","","","medium","","Twl SystemUpdater","Devkit firmware updater","endofline"
"TwlSystemUpdater","v1.2","_20090514","tad","","CARD","TWL (DSi)","- Nintendo Developer Portal<br>- Gigaleaks (sd.rar)","March42","System Updater","","","medium","","Twl SystemUpdater","Devkit firmware updater","endofline"
"TwlSystemUpdater","v1.2","_20090611","srl","","CARD","TWL (DSi)","- Nintendo Developer Portal<br>- Gigaleaks (sd.rar)","March42","System Updater","","","medium","","Twl SystemUpdater","Devkit firmware updater","endofline"
"TwlSystemUpdater","v1.2","_20090611","tad","","CARD","TWL (DSi)","- Nintendo Developer Portal<br>- Gigaleaks (sd.rar)","March42","System Updater","","","medium","","Twl SystemUpdater","Devkit firmware updater","endofline"
"TwlSystemUpdater","v1.2","_20090710","srl","","CARD","TWL (DSi)","- Nintendo Developer Portal<br>- Gigaleaks (sd.rar)","March42","System Updater","","","medium","","Twl SystemUpdater","Devkit firmware updater","endofline"
"TwlSystemUpdater","v1.2","_20090710","tad","","CARD","TWL (DSi)","- Nintendo Developer Portal<br>- Gigaleaks (sd.rar)","March42","System Updater","","","medium","","Twl SystemUpdater","Devkit firmware updater","endofline"
"TwlSystemUpdater","v1.3a","_20090630","srl","","CARD","TWL (DSi)","- Nintendo Developer Portal<br>- Gigaleaks (sd.rar)","March42","System Updater","","","medium","","Twl SystemUpdater","Devkit firmware updater","endofline"
"TwlSystemUpdater","v1.4","_20090817","srl","","CARD","TWL (DSi)","- Nintendo Developer Portal<br>- Gigaleaks (sd.rar)","March42","System Updater","","","medium","","Twl SystemUpdater","Devkit firmware updater","endofline"
"TwlSystemUpdater","v1.4a","_20100415","srl","","CARD","TWL (DSi)","- Nintendo Developer Portal<br>- Gigaleaks (sd.rar)","March42","System Updater","","","medium","","Twl SystemUpdater","Devkit firmware updater","endofline"
"ufo","v0","_20060828","srl","","CARD","NTR (DS)","- Nintendo Developer Portal (ufo)","N/A","NINTENDO DS™","Demonstration","","","","ufo","","endofline"
"USGWirelessTest","1","","srl","","CARD","NTR (DS)","- Unkown","N/A","NINTENDO DS™","WMtest","","","","USG Wireless Test","Wireless testing","endofline"
"USGWirelessTest","2","","srl","","CARD","NTR (DS)","- Unkown","N/A","NINTENDO DS™","WMtest","","","","USG Wireless Test","Wireless testing","endofline"
"WiFiIcon","v0","","srl","","NAND","TWL (DSi)","- Gigaleaks (TwlIPL)","N/A","WiFi Icon","","","","TRUE","WiFi Icon","Launcher WiFi icon demo","endofline"
"WiFiIcon","v0","","tad","","NAND","TWL (DSi)","- Gigaleaks (TwlIPL)","N/A","WiFi Icon","","","","","WiFi Icon","Launcher WiFi icon demo","endofline"
"wlanfirm","v1.0","","srl","","NAND","TWL (DSi)","- Gigaleaks (TwlIPL)","N/A","","","","","","WiFi Firmware","WiFi firmware datafile","endofline"
"wlanfirm","v1.0","","tad","","NAND","TWL (DSi)","- Gigaleaks (TwlIPL)","N/A","","","","","","WiFi Firmware","WiFi firmware datafile","endofline"
"WMTestTool","v0","","srl","","NAND","NTR (DS)","- Nintendo Developer Portal (TWL SDK)","N/A","NINTENDO DS™","WMtest","","","","WM test","WiFi module tester","endofline"
"WRFUTester","v0.60","","srl","","CARD","TWL (DSi)","- Nintendo Uji Product Technology factory","N/A","NINTENDO DSi™","Demonstration","","","","WRFU Tester","Wireless testing","endofline"
"WRFUTester","v2.01","","srl","","CARD","TWL (DSi)","- Nintendo Uji Product Technology factory","N/A","NINTENDO DSi™","Demonstration","","","","WRFU Tester","Wireless testing","endofline"
"WRFUTester","v3.01","","srl","","CARD","TWL (DSi)","- Nintendo Uji Product Technology factory","N/A","NINTENDO DSi™","Demonstration","","","","WRFU Tester","Wireless testing","endofline"
"test_entry","v1.2.3","_20240313","tad","true","NAND","TWL (DSi)","- Foxconn","Lillian","Demonstration","Nintendo","","high","","Test Entry","A test of the CSV","endofline"
